Timestamp,Tweet_text,username,followers
2019-05-22 08:52:11,Information Technology Intern at Save the Children  How to Apply &gt;&gt; https://t.co/XNgvFNqFP0  #IkoKazi #IkoKaziKE,b'campusbizKE',12721
2019-05-22 08:50:38,"OFFER! OFFER! OFFER! Get websites for corporates/SMEs at Ksh 9,999. Comes with Free ssl and free hosting. Call 0710433876, visit our website https://t.co/dTnkZrNbD6 or email us at info@jamiiwebdesigns.co.ke #IkoKaziKe #Ikokazi https://t.co/trtXvkRc6L",b'JamiiWebdesigns',1
2019-05-22 08:28:26,A brother is looking for internship opportunity he is majoring in Mathematics and ICT kindly help him find an attachment #IkoKazi,b'hussein_amed',282
2019-05-22 07:00:00,#IkoKazi New!! Konza Technopolis Job Opportunities To Apply For Today  Apply Here for the positions  https://t.co/l9mNzkKIfB https://t.co/J1Lab3qehW,b'CareerPointKe',18605
2019-05-22 06:46:53,".#IkoKaziKE Last day to apply... Role: Resourcing Analyst, Kenya Location: Nairobi, Kenya Duration: 6 Months Fixed Term Contract  Closing 22 May 2019 at 23:59 UK Time  https://t.co/S5P0KFg3SD #Vacancies #IkoKazi https://t.co/vbt7508PeX",b'ke_British',5107
2019-05-22 06:45:03,We are hiring!! We are looking for a nurse to join our vibrant team and support our Kisumu campus in creating an environment that promotes healthy living. Closing date is Wednesday 29th May 2019. #ikokazi #teammakini https://t.co/u1bJz64wWA,b'Makini_Schools',715
2019-05-22 06:26:00,Looking for someone who has a sales and marketing background &amp; ready to bring high sales volume and brand visibility. Send your cv and salary WhatsApp 0733479711 #IkoKazi #IkoKaziKE #KOT #JobSeekersWednesday,b'Ayshahmshe',1308
2019-05-22 06:25:35,@IEBCKenya @B_E_N_J_A_H  #ikokazi,b'patt_kyaloh',349
2019-05-22 05:49:00,CLOSING TODAY: Applications for Research Assistant at UoN Department of Obsterics and Gynaecology  Apply Now &gt;&gt; https://t.co/hUcfnqvk3e   #IkoKazi #IkoKaziKE,b'campusbizKE',12721
2019-05-22 05:46:00,CLOSING TODAY: Applications for UN-Habitat Urban Agenda Platform Best Practices Internship  Apply Now &gt;&gt; https://t.co/Ukx1HQcXJP   #IkoKazi #IkoKaziKE,b'campusbizKE',12721
2019-05-22 05:32:00,DEADLINE DAY: Applications for UNICEF Youth Advocate/HIV and AIDS Internship closes today!  Have you Applied? Nope? Apply Now &gt;&gt; https://t.co/bRtV60aP6u   #IkoKazi #IkoKaziKE,b'campusbizKE',12721
2019-05-22 05:31:51,"Make your memorable event photos permanent by putting them in a hardcover photobook. (Weddings, ruracio etc)  Am just a call away. 0723092004 #ikokazi #IkoKaziKE #jobsearch https://t.co/Brd0a74f2V",b'shaddydavid',903
2019-05-22 04:56:59,#IkoKaziKE #IkoKazi https://t.co/NY9MyTEHA5,b'RamsaLimited',65
2019-05-22 04:50:00,CLOSING TODAY: Applications for Data Engineer Vacancy at Co-operative Bank of kenya  Apply Now &gt;&gt; https://t.co/40Cd8tZuqu   #IkoKazi #IkoKaziKE,b'campusbizKE',12721
2019-05-22 04:47:21,Administration Intern. https://t.co/ssvL9pFbdH #jobs #jobsearch #IkoKazi #IkoKaziKe #vacancies #jobsearch #wapikazi #internships #attachments,b'WiseMonkeyKE',261
2019-05-22 04:45:00,CLOSING TODAY: Applications for UN-Habitat Waste management Internship in Nairobi  Apply Now &gt;&gt; https://t.co/WvAToHmCia   #IkoKazi #IkoKaziKE,b'campusbizKE',12721
2019-05-22 04:39:00,HAVE YOU SUBMITTED YOUR APPLICATION FOR Electrical Technician Entry-level Vacancy at Meru National Polytechnic?  Applications close today at 5pm  How to Apply &gt;&gt; https://t.co/mYDvDNCIoz   #IkoKazi #IkoKaziKE,b'campusbizKE',12721
2019-05-22 03:40:42,@EACCKenya #IkoKazi üëá https://t.co/G3vBiIARRx,b'jillo_jillo',1325
2019-05-22 03:38:37,"If you‚Äôre a graduate teacher (primary or high school) teaching computer studies but with great inter-personal skills, I may have a different and more lucrative career path for you.   Hit me up.   #IkoKazi #IkoKaziKE",b'hustonmalande',2971
2019-05-21 19:21:47,Interesting read! #IkoKaziKE #Jobseekers #IkoKazi #Careers https://t.co/J13BdgLPM9,b'edith_jeruto',406
2019-05-21 19:13:43,Imports &amp; Exports Officer Job .Have a Diploma in Supply chain management or Diploma in Clearing &amp; Forwarding.Send CV to recruitment@britesmanagement.com #ikokazike  #IkoKazi,b'Kajoe254',1462
2019-05-21 16:32:03,#IkoKaziKE #IkoKazi https://t.co/M7SrPVPBn6,b'AmosKRuto',1066
2019-05-21 12:52:40,#jobseekers #ikokaziKe  #IkoKazi  #jobhunt https://t.co/WheCKrpBL4,b'edge_Kenya',350
2019-05-21 12:37:08,I am highly experienced in Gold dealings. I am renowed trader in the Gold business as I sale photographic images of pure Gold to be used in decors #FakeGoldScam kindly @IkoKaziKenya #IkoKazi retweet as my client from Dubai might be on your timeline,b'dennisobed70',189
2019-05-21 12:34:42,@profkatts Mi sina ubaya.. #ikokazi,b'grey_were',398
2019-05-21 11:35:36,#IkoKazi https://t.co/IrJjTzCMRY,b'NellyKipt',804
2019-05-21 11:16:26,We are looking for a lady ages 20 to 25 years to run laundry operations at our laundromat Matt. Preferably living along around kamiti road. She should presentable an good at  customer relations. Kindly call 0788 123 246 #IkoKaziKE #IkokAZI,b'360_laundry',8
2019-05-21 11:04:58,We can do your tax returns at very friendly rates please get in touch via whatsapp/call on 0712657879.... #ikokazi #krareturns,b'njengaliz',69
2019-05-21 11:02:23,Graduate Engineer Trainee Vacancies at Sheffield Steel Systems  How to Apply &gt;&gt; https://t.co/hBJ972U0rA  #IkoKazi #IkoKaziKE,b'campusbizKE',12721
2019-05-21 10:34:51,Steel laser cutting services available at D.K Engineering. Reach us on 0715 989058. Retweets are highly appreciated. #ikokazike #IkoKazi #KOT https://t.co/EnCeqlQBFU,b'mr_ryan_n',723
2019-05-21 10:27:35,Front Office Intern at Legibra  How to Apply &gt;&gt; https://t.co/vM1YdtJkXw  #IkoKazi #IkoKaziKE,b'campusbizKE',12721
2019-05-21 10:17:20,Office Assistant Vacancy at Balozi Sacco  How to Apply &gt;&gt; https://t.co/tmsdI6znwC  #IkoKazi #IkoKaziKE,b'campusbizKE',12721
2019-05-21 10:02:13,Tours and Travel Consultant Intern at Elective Africa  How to Apply &gt;&gt; https://t.co/f2IA4ww5c8  #IkoKazi #IkoKaziKE,b'campusbizKE',12721
2019-05-21 09:32:36,#IkoKaziKE #IkoKazi https://t.co/NY9MyTEHA5,b'RamsaLimited',65
2019-05-21 08:59:59,@UNICEFKenya has an open position for a youth Advocate on HIV/AIDS  #Jobs #Ikokazi #Ikokazike #HIV #SRHR @Yasleaders @HIVHealthEdu @UNAIDS @MADACI_ke @RHRNKenya @Eve_odhis @KombeMartha @UNICEF @UNFPAKen @Afidep @MOH_Kenya @sidchat1 @fahe_k @LisaMaryAnne03  https://t.co/ixvXBaUStm,b'Alvinmwangi254',1862
2019-05-21 08:59:13,"Do you have a spot for valet jobs,Bvalet is looking for you.Send your Cvs to careers@bvalet.co.ke #bvalet #kenya #IkoKazi #Nairobi #drive #kazikenya #valet #TuesdayThoughts #eventske #jobkenya #kazikwavijana #MainaAndKingangi # https://t.co/zgDbKsME9p",b'bvaletservices',4
2019-05-21 08:57:38,"Hello #KOT,   I have a needy Uni student who's a mentee of mine. He's seeking paid internship &amp; is ready to begin anytime in Nairobi. If you have such an opportunity, give me a call on 07370 00593 or DM me  @surambaya @kenyanpundit @chao_mbogho @tugengirl @SokoAnalyst #Ikokazi",b'Kaizasouze',699
2019-05-21 08:50:35,Sales &amp; Marketing Intern https://t.co/diY0UIWLCx #jobs #jobsearch #IkoKazi #IkoKaziKe #vacancies #jobsearch #wapikazi #internships #attachments #igkenya #ignairobi #igafrica,b'WiseMonkeyKE',261
2019-05-21 08:16:19,"The job i do, the job i love #tiling #IkoKazi #IkoKaziKE https://t.co/HF98We5T5s",b'spartexy',4191
2019-05-21 07:36:11,"Hi guys, I'm looking for a job. Shop attendant, cleaning, waitress, office assistant/tea girl, promotion jobs or any given job I'll be grateful. Kindly retweet as my boss can be on your timeline. Thanks #IkoKaziKE #IkoKazi #RamadanKareem",b'WabwobaConsolat',37
2019-05-21 06:37:37,National Employment Authority strategic objectives launched https://t.co/8Ue3AHdH2O via @YouTube #Tuesdaythoughts #employment #ikokazi #kenyans #Gold #amen #recruitment,b'DorbeleitHR',1766
2019-05-21 06:18:41,"Grow you career with Sheffield Africa. We are looking for highly motivated, visionary, dynamic and results oriented individuals to fill positions listed below. For details on how to apply, visit (link:  https://t.co/UGZk9PhXRX )   #IkoKaziKE #ikokazi #WapiKaziKE #jobalert https://t.co/iKeWZoUEsp",b'sheffield_afric',519
2019-05-21 06:03:51,"Photo mounting at a very affordable prices.  Sizes A1, A2, A3, A4 . #ikokazi #ikokazike #JobSeekersWednesday https://t.co/N2HBHBLJcc",b'shaddydavid',903
2019-05-21 05:39:00,CLOSING TODAY: Applications for Logistics Industry Graduate Trainee Opportunity  Apply Now &gt;&gt; https://t.co/mWctKrXHFW   #IkoKazi #IkoKaziKE,b'campusbizKE',12721
2019-05-21 05:27:00,APPLICATIONS DEADLINE DAY: Sonographer Internships at Safe Water and AIDS Project (SWAP)  How to Apply Now &gt;&gt; https://t.co/4xR91Ved9W   #IkoKazi #IkoKaziKE,b'campusbizKE',12721
2019-05-21 05:24:00,CLOSING TODAY: Applications for Internships at Lake Victoria South Water Services Board  Apply Now &gt;&gt; https://t.co/noKt5YvNjY   #IkoKazi #IkoKaziKE,b'campusbizKE',12721
2019-05-21 05:01:00,JOB | Associate Partner | @DalbergTweet | Multiple Africa | Development Consulting | Bachelor‚Äôs degree | Mid Level | Open | https://t.co/4b6oezKFer   #IkoKaziKE #IkoKazi,b'Finance_501',1078
2019-05-21 05:00:00,"JOB | Accountant | @DalbergTweet | Johannesburg, South Africa | Development Consulting | Bachelor‚Äôs degree in Accounting | Entry Level | Closing 24 May 2019 | https://t.co/H5flAyZTBa   #IkoKaziKE #IkoKazi",b'Finance_501',1078
2019-05-21 04:56:00,CLOSING TODAY: Applications for Sub Editor Intern at Eve Digital  Apply Now &gt;&gt; https://t.co/aTh1bGptqz   #IkoKazi #IkoKaziKE,b'campusbizKE',12721
2019-05-21 04:46:00,CLOSING TODAY: Applications for Supply Chain Assistant Vacancy at UN WFP Kenya  Apply Now &gt;&gt; https://t.co/u8gjpLyOOl   #IkoKazi #IkoKaziKE,b'campusbizKE',12721
2019-05-20 14:34:36,"#IkoKazi #IkoKaziKe #IkoKazi #IkoKaziKE  Mounted photo frames. Lets do this again guys. Call/whatsapp me now 0723092004 My client might be on your TL, So help me to retweet #juakali https://t.co/Y5ukzJJ8Eq",b'shaddydavid',903
2019-05-20 13:48:59,Looking for a job? Check out these: https://t.co/ytDVU7RBBE #IkoKaziKE #IkoKazi #Jobseekers #mondaythoughts,b'CUEA_OFFICIAL',9342
2019-05-20 13:08:13,Operations Internships at Little Ride  How to Apply &gt;&gt; https://t.co/ia8tqfd3k7  #IkoKazi #IkoKaziKE,b'campusbizKE',12721
2019-05-20 12:13:38,#IkoKazi adults jackets bale@8500 over 45 pieces https://t.co/mcwqYak0Ro,b'grade1bales',40
2019-05-20 11:43:21,UNICEF Internship: Youth Advocate/HIV and AIDS  How to Apply &gt;&gt; https://t.co/bRtV5ZTeeW  #IkoKazi #IkoKaziKE,b'campusbizKE',12721
2019-05-20 11:35:04,"Quality african shirts available We deliver worldwide  #IkoKazi #Kenya #Nairobi #goldscam  Price on each pic, 0773 557 150 https://t.co/SKr91i3uSq",b'kemmyrobin',429
2019-05-20 11:33:26,Education Internship at UNICEF  How to Apply &gt;&gt; https://t.co/X9AVSQDj0z  #IkoKazi #IkoKaziKE,b'campusbizKE',12721
2019-05-20 11:28:08,HR Assistant Vacancy at UNOPS  How to Apply &gt;&gt; https://t.co/MSoHNRYa68  #IkoKazi #IkoKaziKE,b'campusbizKE',12721
2019-05-20 11:23:05,Afya Uzazi Technical Assistant -Supply Chain/Commodity Management Vacancy  How to Apply &gt;&gt; https://t.co/7CNk9Ie0CR  #IkoKazi #IkoKaziKE,b'campusbizKE',12721
2019-05-20 11:09:18,We‚Äôre Hiring!: Content Creator #Ikokazi #ikokazi üîó https://t.co/6Z51nbajdv https://t.co/glir6pJFti,b'KenyaBuzz',97168
2019-05-20 11:00:00,"#IkoKazi See Now! Well Paying Companies Hiring Today - Vacancies At MTRH, Uasin Gishu And More  Apply Here for the Jobs  https://t.co/2F4sjrjeNh https://t.co/Z0GCIJ3yOl",b'CareerPointKe',18605
2019-05-20 10:13:36,"#IKOKAZI We are looking for a #competent and #innovative Chief Mechanic in Turkana, Kenya. #APPLYNOW on this link before the deadline. https://t.co/o8SjTOOkKL https://t.co/WuycthBVJz",b'QSSKenya',48
2019-05-20 10:09:49,"One of the most crucial mistakes that an upcoming business can make is to choose the wrong platform to develop and conduct their online business.  If you're looking for assistance, don't hesitate to DM/comment/email us and we'll be in touch!  #onlinebusiness #ikokazi #mondaytip https://t.co/5YKUoqbQsP",b'kyobidigital',21
2019-05-20 09:23:17,Administrative Assistant Intern at Cytonn  How to Apply &gt;&gt; https://t.co/PUMgNxWxVl  #IkoKazi #IkoKaziKE,b'campusbizKE',12721
2019-05-20 09:23:17,Business Development Internship at Cytonn Investments  How to Apply &gt;&gt; https://t.co/waChOpvWSi  #IkoKazi #IkoKaziKE,b'campusbizKE',12721
2019-05-20 09:13:20,World Vision Graphic Design and Digital Media Internship  How to Apply &gt;&gt; https://t.co/qhx9yrlcsy  #IkoKazi #IkoKaziKE,b'campusbizKE',12721
2019-05-20 09:09:45,#IkoKazi https://t.co/pSn4kgTB0Y,b'AgolaLinda',1472
2019-05-20 08:50:12,@siasaplace @WPolicyCenter @UraiaTrust @NerimaW The data presented by @WPolicyCentre on Kenya re constitutional &amp; legal protections re #DisabilityRights is heartwarming. We have done well. But reflecting on the gap between having the rights and realising them... #IkoKazi https://t.co/cQcK5E0elW,b'Zinduko',2521
2019-05-20 08:24:31,@nthokiiey @LexxMontanah #IkoKazi,b'Deejay_Presley',2301
2019-05-20 08:10:36,Graduates Trainee Recruitment https://t.co/C5S5yhBJqX #jobs #jobsearch #IkoKazi #IkoKaziKe #vacancies #jobsearch #wapikazi #internships #attachments #igkenya #ignairobi #igafrica,b'WiseMonkeyKE',261
2019-05-20 08:07:26,"@AjiraDigital Mon, May 20, 2019, 8:00 AM ‚Äì Fri, Jun 14, 2019, 5:00 PM        University of Nairobi, Nairobi County register @eventbrite .com #IkoKazi KE https://t.co/RUwmTXXXhr",b'UwezoFund',26182
2019-05-20 07:51:05,"Would anyone of you know someone who has studied IT, or taught IT in a high school and has TSC no. There is a job opening. So kindly refer them, or ask them to send cv to info@cisa-global.org  #ikokazi #IkoKaziKE",b'MissAwuory',412
2019-05-20 07:45:43,"Starting the week with business of course!  My boutique is having a clearance sale, we are making room for new stock.  Deliveries made countrywide!  Open Monday to Saturday üá∞üá™  #MondayMotivation #IkoKaziKE #IkoKazi https://t.co/xpVgQYMisi",b'Trizah_Ngesa',2309
2019-05-20 07:00:00,#IkoKazi Expiring Soon! Kenya Marine &amp; Fisheries Research Institute Jobs For Diploma &amp; Degree Holders  Apply Here for the positions  https://t.co/RqWwve2cMw https://t.co/TAakCetjml,b'CareerPointKe',18605
2019-05-20 05:27:00,CLOSING TODAY: Applications for Engineer Trainee Vacancies at Base Titanium  Apply Now &gt;&gt; https://t.co/qEcERjCKXZ  #IkoKazi #IkoKaziKE,b'campusbizKE',12721
2019-05-20 05:16:00,APPLICATIONS DEADLINE DAY: Finance and Credit Assistant Vacancy at Red Dot Distribution  Apply Now Here &gt;&gt; https://t.co/sWoEN6YP2x   #IkoKazi #IkoKaziKE,b'campusbizKE',12721
2019-05-20 05:04:00,DON'T MISS OUT: Apply now for Android Developer &amp; Software Tester Internships at Institute Of Software Technologies  Deadline is Today!  How to Apply &gt;&gt; https://t.co/UO4CmBQeQv  #IkoKazi #IkoKaziKE,b'campusbizKE',12721
2019-05-20 05:03:00,"JOB | Senior Commercial Finance Manager | @Bat | Nairobi, Kenya | Manufacturing | Degree, CA/ACCA/CIMA/CPA | Senior Level | Open | https://t.co/xA3sbngKg4   #IkoKazi #IkoKaziKE",b'Finance_501',1078
2019-05-20 05:02:00,"JOB | Accountant | @CentumPLC | Ol Kalou, Nyandarua | Private Equity; Asset Management | Mid Level | Degree in Commerce (Accounting or Finance option) | Open | https://t.co/PyRYPjme6i   #IkoKaziKE #IkoKazi",b'Finance_501',1078
2019-05-20 05:01:00,"INTERNSHIP | Administrative Assistant | @CytonnInvest | Nairobi, Kenya | Asset Management | Entry Level | Diploma | Closing May 29th, 2019 | https://t.co/OdMZXiKjZ4   #IkoKaziKE #IkoKazi",b'Finance_501',1078
2019-05-20 05:00:00,"INTERNSHIP | Business Development | @CytonnInvest | Nakuru, Kenya | Asset Management | Entry Level | undergraduate degree | Closing May 27th, 2019 | https://t.co/OdMZXisJ7w   #IkoKaziKE #IkoKazi",b'Finance_501',1078
2019-05-20 04:57:00,CLOSING TODAY: Applications for Technical Assistant ‚Äì Systems Development at Gold Star Kenya  Apply Now &gt;&gt; https://t.co/09pc8bdLjF   #IkoKazi #IkoKaziKE,b'campusbizKE',12721
2019-05-20 04:55:00,CLOSING TODAY: Applications for Mobile and Web Developers Internships at mHealth Kenya  Apply Now &gt;&gt; https://t.co/ktbvdvhONY   #IkoKazi #IkoKaziKE,b'campusbizKE',12721
2019-05-20 04:53:00,CLOSING TODAY: Applications for Junior Software Engineer Vacancy at Innova  Apply Now &gt;&gt; https://t.co/FcGKm1fctA   #IkoKazi #IkoKaziKE,b'campusbizKE',12721
2019-05-20 04:45:00,CLOSING TODAY: Applications for UN-Habitat Data Analysis and Literature Review Internship in Nairobi  Apply Now &gt;&gt; https://t.co/sm30Qm9OSU   #IkoKazi #IkoKaziKE,b'campusbizKE',12721
2019-05-20 03:04:26,Just finished this on sato. Curved #tiling #IkoKazi #IkoKaziKE leo naanza witethie. Thank you Lordüí™ https://t.co/OzEITYUkSa,b'spartexy',4191
2019-05-19 13:34:00,United Nations Office for Disaster Risk Reduction (UNISDR) Internship Programme 2019  Apply Now - https://t.co/ZeEViuXztL   #IkoKazi #IkoKaziKE,b'campusbizKE',12721
2019-05-19 11:39:46,"Watu wajaribu pia huku,tell a friend to tell a friend ,you never know .We can only tryüëäüèøüëäüèøüí™üèøüí™üèø #ChefRobertCulinaryKe #IkoKaziKE #ikokazi #SundayThoughts #MashemejiDerby https://t.co/UjCrJOJAGb",b'ChefRobertKE',3104
2019-05-19 11:03:21,UN-Habitat Gender and Human Rights Internship  How to Apply &gt;&gt; https://t.co/ESog4LEwWC  #IkoKazi #IkoKaziKE,b'campusbizKE',12721
2019-05-19 10:38:14,UN-Habitat Finance and Budget Internship  How to Apply &gt;&gt; https://t.co/39bwIfom8T  #IkoKazi #IkoKaziKE,b'campusbizKE',12721
2019-05-19 09:38:19,UN Environment Communications and Outreach Unit Internship  How to Apply &gt;&gt; https://t.co/d85DPSbfOG  #IkoKazi #IkoKaziKE,b'campusbizKE',12721
2019-05-19 09:13:10,Finance and Credit Assistant Vacancy at Red Dot Distribution  How to Apply &gt;&gt; https://t.co/sWoEN6YP2x  #IkoKazi #IkoKaziKE,b'campusbizKE',12721
2019-05-19 08:58:21,Sales Engineer Intern at Agile Business Solutions  How to Apply &gt;&gt; https://t.co/11TfRX9dz2  #IkoKazi #IkoKaziKE,b'campusbizKE',12721
2019-05-19 08:43:00,CLOSING TODAY: Applications for IT Operations Assistant Vacancy at WFP  Apply Now &gt;&gt; https://t.co/sx8bqsSJAY   #IkoKazi #IkoKaziKE,b'campusbizKE',12721
2019-05-19 08:33:09,Electrical Technician Vacancy at Meru National Polytechnic  How to Apply &gt;&gt; https://t.co/mYDvDNUjN9  #IkoKazi #IkoKaziKE,b'campusbizKE',12721
2019-05-19 08:23:22,ICT Assistant at Githunguri Dairy Farmers Co-operative Society  How to Apply &gt;&gt; https://t.co/nd8P8Qu8fe  #IkoKazi #IkoKaziKE,b'campusbizKE',12721
2019-05-19 06:52:00,CLOSING TODAY: Applications for Communications &amp; Business Development Internships at Elective Africa.  Apply Now &gt;&gt; https://t.co/zOdlFWvmoD  #IkoKazi #IkoKaziKE,b'campusbizKE',12721
2019-05-19 06:26:00,APPLICATIONS DEADLINE DAY: Finance Internship at Deutsche Stiftung Weltbev√∂lkerung (DSW) Kenya  Apply Now &gt;&gt; https://t.co/UdA0GtVe30   #IkoKazi #IkoKaziKE,b'campusbizKE',12721
2019-05-19 05:51:00,APPLICATIONS DEADLINE DAY: Administrative Assistant Vacancy at TV47  Apply Now &gt;&gt; https://t.co/hR5xKQtE4U   #IkoKazi #IkoKaziKE,b'campusbizKE',12721
2019-05-18 17:47:49,Civil Engineers in Kenya üòÇüòÇüòÇü§óü§ó #HudumaNamba #ikokazi https://t.co/Ig9hV3Msri,b'HarlimSagwa',858
2019-05-18 11:10:49,Traditional style render from our team. For those who prefer more mahogany in their sleeping area. see more at: https://t.co/jtLufIDTpX #IkoKaziKE #Kenya #architecturephotography  #architecture #IkoKazi #SaturdayThoughts https://t.co/jGKUJFuLzV,b'alternateFX',14
2019-05-18 10:30:00,"ICYMI: Certificate, Diploma &amp; Degree Graduates Internships at the County Government of Uasin Gishu (700 Vacancies)  How to Apply &gt;&gt; https://t.co/EYFz9PJtQB   #IkoKazi #IkoKaziKE",b'campusbizKE',12721
2019-05-18 09:25:00,ICYMI: 200 Internship Vacancies at the County Government of Nyeri  How to Apply &gt;&gt; https://t.co/a0NeEljb0Z   #IkoKazi #IkoKaziKE,b'campusbizKE',12721
2019-05-18 08:03:00,ICYMI: Degree &amp; Diploma Graduates Internship Opportunities at Kenya Literature Bureau (KLB)  How to Apply &gt;&gt; https://t.co/uwycbHFGbm   #IkoKazi #IkoKaziKE,b'campusbizKE',12721
2019-05-18 07:50:00,ICYMI: Bachelor‚Äôs Degree and Diploma Graduates Internships at Kenya Revenue Authority (KRA)  How to Apply &gt;&gt; https://t.co/WkzG96xDMU   #IkoKazi #IkoKaziKE,b'campusbizKE',12721
2019-05-18 07:24:00,ICYMI: Internships at Lake Victoria South Water Services Board  How to Apply &gt;&gt; https://t.co/noKt5Yecsq   #IkoKazi #IkoKaziKE,b'campusbizKE',12721
2019-05-18 07:21:54,"SCHOLARSHIP | Knight Hennessy Scholarship 2020 Cohort | Any Graduate course (Masters, PhD) | @StanfordGSB, USA | Full tuition + Stipend | Any Nationality | Closes October 9th 2019 | https://t.co/lQznCDAEr1   #IkoKaziKE #IkoKazi",b'SamNdunguz',214
2019-05-18 06:42:32,#IkoKaziKE  #IkoKaziKe  #IkoKazi https://t.co/T2mLa6xp3v,b'slaydollmua',901
2019-05-18 04:01:53,"Goodmorning,nmepatana na hizi na Uku ivi ..watu wajaribu wenye wako interested. You never know ,Tunaeza kukuta mayolo baadae tuki deportiwa on 26th. #ChefRobertCulinaryKe  #SaturdayThoughts  #SaturdayMotivation  #IkoKazi https://t.co/ybKrSPBZwY",b'ChefRobertKE',3104
2019-05-17 22:31:06,@Derrick_Prince_  #IkoKazi https://t.co/cpel6uQsyC,b'mmijikenda',223
2019-05-17 18:19:39,Cc @Hood_Naruto #IkoKazi https://t.co/JxnO8ZaiXT,b'mmijikenda',223
2019-05-17 15:48:52,https://t.co/38LITZVho5 #ikokazi,b'MichukiDavidK',380
2019-05-17 15:35:28,@ScofieldVincent @campusbizKE Finance Assistant at Development Initiatives (DI)  How to Apply &gt;&gt; https://t.co/jxNXclIvue  #IkoKazi #IkoKaziKE,b'SamNdunguz',214
2019-05-17 15:30:49,@KiptooWycliffe @campusbizKE Finance Assistant at Development Initiatives (DI)  How to Apply &gt;&gt; https://t.co/jxNXclIvue  #IkoKazi #IkoKaziKE,b'SamNdunguz',214
2019-05-17 15:00:00,#IkoKazi Hair Dressing Internship. Nyeri County (2 Posts)  Apply Here for the internship  https://t.co/OpQimcD6Av https://t.co/y0Ifysxky5,b'CareerPointKe',18605
2019-05-17 14:20:34,#IkoKaziKE #IkoKazi https://t.co/Id1lMSZ8Cs,b'RamsaLimited',65
2019-05-17 13:52:56,"Looking for decent @Airbnb in kisumu, and eldoret share your gems #ikokazi #IkoKaziKE",b'Maganakenyatta',3308
2019-05-17 13:35:17,@ntvkenya That guy can take good pictures for the gram. #IkoKazi,b'LizzieAdoresRay',510
2019-05-17 13:21:35,iOS Developer Intern at the Institute Of Software Technologies  How to Apply &gt;&gt; https://t.co/qpJ8MwjJME  #IkoKazi #IkoKaziKE,b'campusbizKE',12721
2019-05-17 13:11:05,Software Tester Intern at the Institute Of Software Technologies  How to Apply &gt;&gt; https://t.co/jRndHgwp6e  #IkoKazi #IkoKaziKE,b'campusbizKE',12721
2019-05-17 13:01:46,Android Developer Intern at Institute of Software Technologies  How to Apply &gt;&gt; https://t.co/ePQMWFhwUL  #IkoKazi #IkoKaziKE,b'campusbizKE',12721
2019-05-17 12:54:21,"@afreximbank JOB | Investment Manager, FEDA | @afreximbank | Cairo, Egypt | Export Credit Agency | Bachelor‚Äôs Degree in Finance, Banking | Entry Level | Open | https://t.co/GBgHw2vhEI   #IkoKaziKE #IkoKazi",b'Finance_501',1078
2019-05-17 12:51:45,"JOB | Investment Analyst | @afreximbank | Cairo, Egypt | Export Credit Agency | Bachelor‚Äôs Degree in Finance,  Banking | Entry Level | Open | https://t.co/H1FrCd0qWn   #IkoKaziKE #IkoKazi",b'Finance_501',1078
2019-05-17 12:12:55,Finance and Accounts Graduate Trainees at the Wealthsmith  How to Apply &gt;&gt; https://t.co/o10SuG4WmN  #IkoKazi #IkoKaziKE,b'campusbizKE',12721
2019-05-17 11:56:15,Climate Policy Initiative Project Assistant for GNIplus Kenya Program  How to Apply &gt;&gt; https://t.co/wx1laeXCSv  #IkoKazi #IkoKaziKE,b'campusbizKE',12721
2019-05-17 11:39:10,Finance Assistant at Development Initiatives (DI)  How to Apply &gt;&gt; https://t.co/78LGgtuQlq  #IkoKazi #IkoKaziKE,b'campusbizKE',12721
2019-05-17 11:21:24,UNOPS Project Support Officer Vacancy  How to Apply &gt;&gt; https://t.co/L2g4aCzfnX  #IkoKazi #IkoKaziKE,b'campusbizKE',12721
2019-05-17 11:14:25,#IkoKaziKE  #ikokazi https://t.co/T2mLa6xp3v,b'slaydollmua',901
2019-05-17 11:11:11,Global Assurance Intern at Save the Children  How to Apply &gt;&gt; https://t.co/Btv3vL8cKJ  #IkoKazi #IkoKaziKE,b'campusbizKE',12721
2019-05-17 11:02:58,Women‚Äôs Land Rights Programme Assistant Vacancy at Oxfam  How to Apply &gt;&gt; https://t.co/dd8go2aFDm  #IkoKazi #IkoKaziKE,b'campusbizKE',12721
2019-05-17 11:00:01,#IkoKazi Trending!!! Numerous Job Vacancies @ MTRH To Apply For Today  Apply here for the positions  https://t.co/QTlulTkn8C https://t.co/OFM6JM1M2Z,b'CareerPointKe',18605
2019-05-17 10:51:27,ICT Intern at Cable Car Corporation  How to Apply &gt;&gt; https://t.co/rTtXawtIuo  #IkoKazi #IkoKaziKE,b'campusbizKE',12721
2019-05-17 10:06:02,We are looking for a communication Professional who can come up with a comms/marketing strategy with reference to Kenya. More details are attached on the pics.   If interested email at domesticftke@wfto-africa.org #IkoKaziKE #IkoKazi https://t.co/ixf6aOTW5A,b'WftoE',61
2019-05-17 10:04:31,New Story Post Alert‚ö†üèÅüíØüî• ManHood Chopped.... Another one  '... Nyama kwa nyama.'  https://t.co/PGkuOPfVH5  #ResistHudumaNamba #HudumaNamba #MwendeOnKonnect #LEADERSHIP  #IkoKaziKe #IkoKazi #FridayMotivation #FridayFeeling,b'jeffayieko7',561
2019-05-17 09:56:05,My Brother is looking for a job. BSc. Mathematics and Computer Science.  He was in 1st cohort of PDTP Digitalent. He has not be blessed with a job since graduation. Kindly Retweet. His Employer could be in your TL #IkoKazi #EcommerceTax #FridayThoughts,b'Anquick_254',106
2019-05-17 08:55:00,World Health Organization (WHO) Internship Programme 2019  Apply Now - https://t.co/lHiq9TX6mm  #IkoKazi #IkoKaziKE,b'campusbizKE',12721
2019-05-17 08:36:26,Interns needed! We promise your job description is NOT to copy and paste things on the Internet. #IkoKazi https://t.co/mrTKW17mTS,b'SantosOkottah',446
2019-05-17 08:36:10,My Brother is looking for a job. BSc. Mathematics and Computer Science.  He was in 1st cohort of PDTP Digitalent. He has not be blessed with a job since graduation. Kindly Retweet. His Employer could be in your TL #IkoKazi,b'Anquick_254',106
2019-05-17 08:17:11,"Lakini this Actuarial Science course is just complicated üòÖüòÜ Just clicked #IkoKazi  and the first post was from an Actuarial student üòÖ Si mtupee links pleaseüòë...any available opportunity,feel free to DM..Thanks",b'kerubo_hillary',4192
2019-05-17 08:07:17,"Hi guys, I'm looking for a job. Shop attendant, cleaning, waitress, office assistant/tea girl, promotion jobs or any given job I'll be grateful. Kindly retweet as my boss can be on your timeline. Thanks #IkoKaziKE #IkoKazi #Ramadan my number is 0708709296",b'WabwobaConsolat',37
2019-05-17 07:09:14,"@BuuPass, a company working with transport operators to provide digital solutions is looking for a Front End Developer. Click here to apply: https://t.co/GC4TdvFgEd #IkoKaziKE #IkoKazi https://t.co/r0ZlWA8Xmc",b'fuzu',2814
2019-05-17 07:00:00,#IkoKazi See Now!! Job Opportunities Outside Nairobi To Apply For Today  Apply Here for the jobs  https://t.co/pmU0kC08CU https://t.co/OmlvK2rrAV,b'CareerPointKe',18605
2019-05-17 06:36:32,My sister really needs a job. She has a degree in BCOM (Finance) and has completed CPA Part 1. Any leads would be really appreciated #ikokazi #IkoKaziKE,b'ochiengd_',1438
2019-05-17 05:50:07,PHP/LARAVEL DEVELOPER INTERN   We're looking for a lady to join our team for an internship position.  Interested candidates should send their CV to bob.mwenda@ratemyservice.co.ke before 26th May 2019.  #IkoKaziKE #ikokazi https://t.co/FvXPgTvuJz,b'SirBobz',1312
2019-05-17 05:16:00,CLOSING TODAY: Applications for Social Media and Photography Internship at WildlifeDirect  Apply Now &gt;&gt; https://t.co/SJe3SaBFqu   #IkoKazi #IkoKaziKE,b'campusbizKE',12721
2019-05-17 05:14:00,CLOSING TODAY: Applications for Analyst Vacancy at Energy 4 Impact  Apply Now &gt;&gt; https://t.co/13kNYk5MCI   #IkoKazi #IkoKaziKE,b'campusbizKE',12721
2019-05-17 05:11:14,"Finally, the bill for the introduction of the County Village Administrators was, yesterday, tabled, by the @TurkanaAssembly #IkoKazi https://t.co/iHJKGSSTHn",b'KapedoT',633
2019-05-17 05:08:00,CLOSING TODAY: Applications for Assistant Community Health Officer Vacancies at the County Government of Garissa  Apply Now &gt;&gt; https://t.co/CdCtJSxagw   #IkoKazi #IkoKaziKE,b'campusbizKE',12721
2019-05-17 05:03:00,"JOB | Senior Finance Officer | @ActionAfricaHI | Kampala, Kenya | NGO | Degree in  Accounting, Commerce or Finance; CPA, ACCA | Senior Level | Closes May 17th, 2019 | https://t.co/AvvqGpEO4e #IkoKaziKE #IkoKazi",b'Finance_501',1078
2019-05-17 05:02:00,"JOB | Finance and Administration Director | @ActionAfricaHI | Nairobi, Kenya | NGO | Master‚Äôs degree in Finance, Business Admin, Accounting; CPA | Senior Level | Closes May 17th, 2019 | https://t.co/DaiPey40GZ  #IkoKaziKE #IkoKazi",b'Finance_501',1078
2019-05-17 05:02:00,CLOSING TODAY: Applications for Kenya Airways Student Intern: IT Security  Apply Now &gt;&gt; https://t.co/ZcBAvPyw34   #IkoKazi #IkoKaziKE,b'campusbizKE',12721
2019-05-17 05:01:00,"JOB | Country Finance Coordinator | @Intersos | Somalia, Kenya | NGO | Degree in Finance, Business Administration | Senior Level | Closes May 21st, 2019  https://t.co/7ewQFXrT6v  #IkoKaziKE #IkoKazi",b'Finance_501',1078
2019-05-17 05:00:00,"JOB | Finance Officer | @TheKaizenCo | Nairobi, KE | Consultancy | Master's degree in Business, Accounting, Finance | Mid Level | Open | https://t.co/iuDTGOrS1H #IkoKaziKE #IkoKazi",b'Finance_501',1078
2019-05-17 04:51:00,"CLOSING TODAY: Applications for VSO Project and M&amp;E Assistant ‚Äì Access to Quality Education and Transition for C&amp;AWDs project (ERIKS)  Apply Now &gt;&gt; https://t.co/wWBkYzI4Hl   Salary: KES 950,000 Gross per Annum  #IkoKazi #IkoKaziKE",b'campusbizKE',12721
2019-05-17 04:38:58,"HELP!! HELP!! My sister needs a job badly. She has a certificate in Front Office and Reception   Her kids are out of school. Her side hustle ,chips cafe, closed. Landlord on his neck. Husband disappeared.  Please retweet , someone to help with a job offer #ikoKazi",b'eric_magoma',843
2019-05-17 03:53:12,Naenda kumalizia hii kitchen #tiling leo #IkoKazi #IkoKaziKE the job i love https://t.co/lrIAP4v5Vg,b'spartexy',4191
2019-05-16 21:30:02,"Hey guys,am looking for a job,any job, i have made endless job applications day in day out but all have been unsuccessful, it's really hard for me,I have a degree in Actuarial science, somebody come to my rescue,i'd really appreciate,Thank you, feel free to DM,#ikokazi #IkoKaziKE",b'KiptooWycliffe',316
2019-05-16 17:26:57,I've got about 2 tonnes of various sized glass bottles  anyone interested in them can DM #ikokazi,b'Maganakenyatta',3308
2019-05-16 14:24:45,Job Alert!!!! @STLHorizon is looking for:  https://t.co/rdsleW1n8I Tester.  https://t.co/LMPOec0qbf App Developer-INTERN.  3.iOS App Developer-INTERN.  Deadline:27th May. #IkoKaziKE #IkoKazi #Jobs  For details visit this link. https://t.co/LO0gD9LU0c https://t.co/Q8FmbER9HR,b'isteducation',508
2019-05-16 14:02:26,Express Shipping &amp; Logistics (EA) LTD is Hiring - Customer Service Executive to be based in Mombasa #IkoKaziKE #Ikokazi https://t.co/x8qy6xPTxS,b'samnato',494
2019-05-16 12:29:20,I used my Graphic Design skills to come up with the attached Marketing Flyer Design for Winnies Drycleaners &amp; Laundry Kasarani. #IkoKazi #IkoKaziKE #graphicdesignkenya #creativekigen https://t.co/vHYh7SL6wM,b'creativekigen',29
2019-05-16 12:06:37,#IkoKaziKE  #IkoKazi  Help Marurah get a job https://t.co/dIQfxniyq3,b'jnyagakamau',47
2019-05-16 10:58:15,#JobAlert  We are looking for a #competent and #innovative Materials / #Logistics Controller. #Applynow on this link https://t.co/0G43Fy3bvO #IkoKazi https://t.co/R9BTq3SdJs,b'QSSKenya',48
2019-05-16 10:51:24,Animal feed Production Internship Vacancy  How to Apply &gt;&gt; https://t.co/hnDGMshtuy  #IkoKazi #IkoKaziKE,b'campusbizKE',12721
2019-05-16 09:56:04,Administrative Assistant Vacancy at TES-NES Study Kenya  How to Apply &gt;&gt; https://t.co/Cvk4TBf5O8  #IkoKazi #IkoKaziKE,b'campusbizKE',12721
2019-05-16 09:41:14,Sonographer Internships at Safe Water and AIDS Project (SWAP)  How to Apply &gt;&gt; https://t.co/4xR91Ved9W  #IkoKazi #IkoKaziKE,b'campusbizKE',12721
2019-05-16 09:26:09,Sub Editor Intern at Eve Digital  How to Apply &gt;&gt; https://t.co/aTh1bGptqz  #IkoKazi #IkoKaziKE,b'campusbizKE',12721
2019-05-16 09:16:06,IT Admin Assistant Vacancy at the British High Commission  How to Apply &gt;&gt; https://t.co/txfhnTAuY3  #IkoKazi #IkoKaziKE,b'campusbizKE',12721
2019-05-16 09:06:29,Microsoft Full-time Opportunity for Students and Recent Graduates ‚Äì Kenya  How to Apply &gt;&gt; https://t.co/BYksi2yWmm  #IkoKazi #IkoKaziKE,b'campusbizKE',12721
2019-05-16 09:05:21,#ikokazi #ikoakazike @ikokaziKE https://t.co/DuUVoyFseN,b'_KRotich',1369
2019-05-16 08:46:27,Business Development Intern at Elective Africa  How to Apply &gt;&gt; https://t.co/AtTuUBqeHp  #IkoKazi #IkoKaziKE,b'campusbizKE',12721
2019-05-16 08:41:23,Communications Intern at Elective Africa  How to Apply &gt;&gt; https://t.co/Xotfrk9GJR  #IkoKazi #IkoKaziKE,b'campusbizKE',12721
2019-05-16 08:31:41,#IkoKazi https://t.co/N9rrCVXCSa,b'Towett__',295
2019-05-16 08:26:16,Grants Assistant Vacancies at Kenya Red Cross  How to Apply &gt;&gt; https://t.co/vCJGXvGjBD  #IkoKazi #IkoKaziKE,b'campusbizKE',12721
2019-05-16 08:16:15,Data Engineer Vacancy at Co-operative Bank of kenya  How to Apply &gt;&gt; https://t.co/40Cd8tZuqu  #IkoKazi #IkoKaziKE,b'campusbizKE',12721
2019-05-16 08:04:00,There is an advert making rounds on Facebook for the Census. They are asking for money. Is this from you? It looks fake. A lot of Kenyans will be conned if it's not from you. @KNBStats @FredMatiangi @InteriorKE #ikokazi #ikokazike @KahawaTungu @RobertAlai https://t.co/Rujo9JSRcW,b'nyarefa',331
2019-05-16 08:01:16,Telesales &amp; Marketing Internship at Jobsikaz  How to Apply &gt;&gt; https://t.co/GDIyemqf6J  #IkoKazi #IkoKaziKE,b'campusbizKE',12721
2019-05-16 07:51:19,Research Assistant at UoN Department of Obsterics and Gynaecology  How to Apply &gt;&gt; https://t.co/hUcfnqvk3e  #IkoKazi #IkoKaziKE,b'campusbizKE',12721
2019-05-16 07:45:08,Personal Assistant https://t.co/OWiLApgcih #jobs #jobsearch #IkoKazi #IkoKaziKe #vacancies #jobsearch #wapikazi #internships #attachments #igkenya #ignairobi #igafrica,b'WiseMonkeyKE',261
2019-05-16 07:29:19,I'm a data driven visionary and incredibly fast learner with the ability to almost instantaneously adapt to and excel in new fields and roles. I can share my CV.  Email: rodgersomondi254@gmail.com Phone: 0726113804 #IkoKaziKe  #Ikokazi  Cc @BenjiNdolo,b'Oduor_Kweje',1619
2019-05-16 07:29:16,"Hey fam,  So my contract is ending in a few days time; about to be jobless. I'd really appreciate new opportunities. Got Bsc Statistics degree, 2.5yrs exp in data mgt,  operations &amp; logistics mgt,  client engagement and analysis. Cc @ItsMutai #IkoKaziKe  #Ikokazi",b'Oduor_Kweje',1619
2019-05-16 07:20:42,Work From Home Jobs in Kenya #IkoKazi  #Ikokazike #KenyanTimesNews https://t.co/Dvc1LVW3Wu https://t.co/N2AW8Q4AAj,b'KenyanTimes01',99
2019-05-16 07:19:04,Some jobs at Toyota Tsusho #IkoKaziKE #IkoKazi  - Accountant  -Assistant Factory Accountant  -Parts Sales Exec -Account Development Manager   https://t.co/ZoFavtRlVc,b'mmbiyu',2458
2019-05-16 05:31:01,CLOSING TODAY: Applications for Business Support Assistants Vacancy at WFP Kenya  Apply now &gt;&gt; https://t.co/zTG5q621iZ  #IkoKazi #IkoKaziKE,b'campusbizKE',12721
2019-05-16 05:18:00,CLOSING TODAY: Applications for Marketing Intern at Pathologists Lancet Kenya  Apply Now &gt;&gt; https://t.co/74WBYJzi6O   #IkoKazi #IkoKaziKE,b'campusbizKE',12721
2019-05-16 05:04:00,"JOB | Trade Marketing Manager - Modern Trade | @Colgate | Nairobi, KE | Consumer Goods | Degree in Business related field | Entry Level | Open | https://t.co/FZoEJ24wT6  #IkoKaziKE #IkoKazi",b'Finance_501',1078
2019-05-16 05:03:00,JOB | Tax Analyst | @CentumPLC | Nairobi | Private Equity; Asset Management | Entry Level | Professional Qualification in Finance (CPA-K or equivalent) | Open | https://t.co/stFoz08xv0  #IkoKaziKe #IkoKazi,b'Finance_501',1078
2019-05-16 05:01:00,"JOB | Finance &amp; Business Operations Officer | @CentumPLC | Nairobi | Private Equity; Asset Management | Entry Level | Degree, CPA/ACCA | Closing 24th May 2019 | https://t.co/nqh5Qn0iPR  #IkoKaziKe #IkoKazi",b'Finance_501',1078
2019-05-16 05:00:00,"JOB | Associate, Transactions | @CentumPLC | Nairobi | Private Equity; Asset Management | Mid  Level | Undergraduate Degree, Level 1 CFA/CAIA | Closing 24th May 2019 | https://t.co/7aBPreGjoi   #IkoKaziKE #IkoKazi",b'Finance_501',1078
2019-05-16 05:00:00,CLOSING TODAY: Applications for Counselling Psychologist Intern at HIAS  Apply Now &gt;&gt; https://t.co/pV8oH2Qxza   #IkoKazi #IkoKaziKE,b'campusbizKE',12721
2019-05-15 18:21:40,Receptionist / Customer Care Intern at Oceans Kenya  How to Apply &gt;&gt; https://t.co/9tzZ11EK2Z  #IkoKazi #IkoKaziKE,b'campusbizKE',12721
2019-05-15 15:46:52,When to Walk Away From Your Job https://t.co/fqnnzmMnt2 #IkoKaziKE #Ikokazi,b'KenyanTimes01',99
2019-05-15 15:00:01,#IkoKazi Communication &amp; Marketing Job. Utalii College  Apply Here for the position  https://t.co/BrHEGFO5dU https://t.co/0kfAsu3un9,b'CareerPointKe',18605
2019-05-15 14:48:35,Sonko awarding half-a-million shillings to the National Kabaddi team for winning Bronze. @PeopleDailyKe @Milele_FM @K24Tv @MikeSonko @moscakenya #IkoKazi https://t.co/Y40xGvbENX,b'KWALANDA',36445
2019-05-15 13:30:37,"Become a BuuPass Sales Consultant, you can earn money by simply selling bus tickets and getting commission for the tickets sold. Apply now at https://t.co/K33Jsu7HSZ #IkoKaziKE #IkoKazi #WednesdayWisdom https://t.co/iXG8CVfFRY",b'BuuPass',714
2019-05-15 13:15:44,Nothing beats a good looking car when its clean even those without cars will admire it. Bring your car to our executive car wash behind our showroom along ngong rd or call 0777 555 777 #WednesdayWisdom #IkoKazi https://t.co/ANwq4pvZgp,b'prestigesafemo1',121
2019-05-15 11:00:00,"#IkoKazi New!!! KLB Internship Opportunities In ICT, Finance, Supply Chain Etc  Apply Here for the posts  https://t.co/wiBt8CM3nW https://t.co/27AxNbBhOf",b'CareerPointKe',18605
2019-05-15 10:50:28,Kyobi Digital takes great value in executing efficient online marketing strategies.   Let us help you develop your online marketing skills. DM/comment/email us and we will help you out!  #marketing #onlinemarketing #marketingsolutions #competitiveness #IkoKazi https://t.co/lDEPEPDUkp,b'kyobidigital',21
2019-05-15 10:46:17,When to Walk Away From Your Job #Ikokazi #Ikokazike https://t.co/mwlx2fFC4e https://t.co/xA3xd4KpMy,b'KenyanTimes01',99
2019-05-15 10:06:22,Supply Chain Assistant Vacancy at UN WFP Kenya  How to Apply &gt;&gt; https://t.co/u8gjpLyOOl  #IkoKazi #IkoKaziKE,b'campusbizKE',12721
2019-05-15 10:06:21,Finance Assistant Vacancy at WFP Kenya  How to Apply &gt;&gt; https://t.co/zAlyOWgvPb  #IkoKazi #IkoKaziKE,b'campusbizKE',12721
2019-05-15 09:51:12,Business Support Assistants Vacancy at WFP Kenya  How to Apply &gt;&gt; https://t.co/zTG5q5Kqrr  #IkoKazi #IkoKaziKE,b'campusbizKE',12721
2019-05-15 09:51:11,IT Operations Assistant Vacancy at WFP  How to Apply &gt;&gt; https://t.co/sx8bqtakZy  #IkoKazi #IkoKaziKE,b'campusbizKE',12721
2019-05-15 09:26:14,Administrative Assistant Vacancy at TV47  How to Apply &gt;&gt; https://t.co/hR5xKQtE4U  #IkoKazi #IkoKaziKE,b'campusbizKE',12721
2019-05-15 09:16:20,Junior Bahmni/DHIS2 Developer Vacancies at IntelliSOFT Consulting  How to Apply &gt;&gt; https://t.co/mBL2xO4MUc  #IkoKazi #IkoKaziKE,b'campusbizKE',12721
2019-05-15 08:51:25,Education Assistant Officer Vacancy at Xavier Project  How to Apply &gt;&gt; https://t.co/g1QeBCqORi  #IkoKazi #IkoKaziKE,b'campusbizKE',12721
2019-05-15 08:06:21,PHP/Laravel Developer Internship at Rate My Service  How to Apply &gt;&gt; https://t.co/KKytBnK1oo  #IkoKazi #IkoKaziKE,b'campusbizKE',12721
2019-05-15 07:51:02,Statement Earrings available ‚ú® Contact 0792138561 to cuff a pair.                                             KSH 500 #slaydollstore #slaydoll #gorgeous #kenyanbeauty #ikokazi #IkoKaziKE https://t.co/0NE1MgGiax,b'slaydoll_store',65
2019-05-15 07:49:41,Hi guys anyone of you here who knows a company that accepts volunteers you can share it may help people gain some experience let's share and help each other out when looking for opportunities si lazima upate job inakulipa volunteering can help too #IkoKazi #IkoKaziKE,b'its_maxwel',61
2019-05-15 07:46:34,Library Assistant ‚Äì Security Vacancy at KCA University  How to Apply &gt;&gt; https://t.co/Id0pdeSX7P  #IkoKazi #IkoKaziKE,b'campusbizKE',12721
2019-05-15 07:36:16,6 Smart Ways to Tell a Job Advert is a Scam #Ikokazi #IkokaziKe https://t.co/5tJY8rSYQW https://t.co/mKFCZUchhK,b'KenyanTimes01',99
2019-05-15 07:23:07,#IkoKaziKE #IkoKazi https://t.co/Iv1oFAffIj,b'SirBobz',1312
2019-05-15 07:21:05,"JOB | Finance Assistant, Nairobi (Re-Advertisement) | @WFP_Africa | Nairobi, Kenya | NGO | Degree in Accounting, Finance | Entry Level | Closes May 23rd 2019 | https://t.co/3a2zGmQvDS  #IkoKaziKE #IkoKazi",b'Finance_501',1078
2019-05-15 07:11:36,"JOB | Investment Manager | @GroFin | Nairobi, Kenya | Financial Services | Advanced degree, CFA, ACCA | Mid-Senior Level | Open | https://t.co/uMXfFbDUvB  #IkoKaziKE #IkoKazi",b'Finance_501',1078
2019-05-15 07:07:37,"JOB | Program Associate, Power, Director, Food Initiative, Africa | @RockefellerFdn | Nairobi, Kenya | NGO | Bachelor's degree | Mid Level | Open | https://t.co/aygLC0Xovu‚Ä¶ #IkoKaziKE #IkoKazi",b'Finance_501',1078
2019-05-15 07:06:00,CLOSING TODAY: Applications for Technical IT Support Internship at Masterclass Solutions  How to Apply Now &gt;&gt; https://t.co/YmgdkIpOU4   #IkoKazi #IkoKaziKE,b'campusbizKE',12721
2019-05-15 07:00:00,#IkoKazi See Now!! Job Opportunities In Accounting To Apply For Today  Apply Here for the jobs  https://t.co/8pVzywKUw6 https://t.co/4Q5AsoVnQa,b'CareerPointKe',18605
2019-05-15 06:55:00,CLOSING TODAY: Applications for Telesales Training Assistant Vacancy at Corporate Staffing  Apply Now &gt;&gt; https://t.co/oPfUPAxjBe   #IkoKazi #IkoKaziKE,b'campusbizKE',12721
2019-05-15 06:42:08,Medical Sales Representative Trainee Vacancies at Negus Med  How to Apply &gt;&gt; https://t.co/ZTOTtVUtoX  #IkoKazi #IkoKaziKE,b'campusbizKE',12721
2019-05-15 06:34:51,@WabwobaConsolat Kindly log on to our portal https://t.co/hKFt0X4wnj upload your CV and look through the jobs we have there. #IkoKaziKe #IkoKazi #Sidebar https://t.co/2Lna7i7qPQ,b'alternatedoors',1735
2019-05-15 05:49:00,CLOSING TODAY: Applications for Executive Administrator / Personal Assistant Vacancy at Premier Recruitment Group  Apply Now &gt;&gt; https://t.co/CvIlFtjBAs   #IkoKazi #IkoKaziKE,b'campusbizKE',12721
2019-05-15 05:27:00,CLOSING TODAY: Applications for Internships and Entry-Level Vacancies at Ronalds &amp; Associates  Apply Now &gt;&gt; https://t.co/Ulr6nPPFgD   #IkoKazi #IkoKaziKE,b'campusbizKE',12721
2019-05-15 05:16:00,CLOSING TODAY: Applications for Chapter Intern at the Kenya Association of Manufacturers  Apply Now &gt;&gt; https://t.co/9vt1KBEefG   #IkoKazi #IkoKaziKE,b'campusbizKE',12721
2019-05-15 04:58:00,CLOSING TODAY: Applications for Marketing Assistant Vacancy at Lee &amp; Myles  Apply now &gt;&gt; https://t.co/0xcQaDh2Fo   #IkoKazi #IkoKaziKE,b'campusbizKE',12721
2019-05-14 20:33:42,Tunakukanja Na Hii Offer! üëå#FormNiKuuzaOnline #IkoKaziKE #ikokazi https://t.co/1tH9y7VGAd,b'TuvibeKenya',9624
2019-05-14 17:52:29,#IkoKaziKE #IkoKazi URGENT. check my TL,b'Muyah10',4
2019-05-14 17:51:19,"Certificate, Diploma &amp; Degree Graduates Internships at the County Government of Uasin Gishu (600 Vacancies)  How to Apply &gt;&gt; https://t.co/EYFz9PJtQB  #IkoKazi #IkoKaziKE",b'campusbizKE',12721
2019-05-14 17:45:14,Hi #Kot kindly help me find a job. I'm an undergraduate specialized in finance. I've also done procurement in my diploma levels. Any related job would be appreciated. Please retweet to help me reach a bigger audience #IkoKaziKE #IkoKazi,b'Muyah10',4
2019-05-14 16:49:24,"#IkoKazi #IkoKaziKE  Mounted photo frames. Lets do this again guys. Call/whatsapp me now 0723092004 My client might be on your TL, So help me to retweet #juakali https://t.co/Y5ukzJJ8Eq",b'shaddydavid',903
2019-05-14 16:31:05,Now you know #bitcoin is the next big thing. #PaxfulCampusTour Join CEO Paxful - Ray Youssef as he shares more on the 25th May @ngonghillshotel from 9am to 12pm. Call 0713716403 or email: info@abillionstartups.com  #IkoKazi #Kenya  #INTEREST2019  #Entrepreneurship  #mindblown https://t.co/GvFjGbHtff,b'abillonstartups',22
2019-05-14 15:53:02,"Internships in Kenya have been used by many companies to avoid hiring for positions they should be hiring to save on costs. Interns have full Job Descriptions including revenue targets. For that alone, they should be PAID.#ikokazi",b'Rotichbenard15',1546
2019-05-14 15:37:19,"A friend needs...  ""I need a good intern programmer, versed in PHP, Java.... SQL, VB. Net and can relocate to Machakos... 3 months... With good perf possibility of longer extension..."" #IkoKazi",b'p_gichuki',365
2019-05-14 14:46:36,Why You Will Always Be Poor https://t.co/fQ76QFDIWh via #IkoKaziKE #ikokazi,b'KenyanTimes01',99
2019-05-14 14:46:02,HOW TO ANSWER ‚ÄòWHAT IS YOUR WEAKNESS‚Äô IN A JOB INTERVIEW https://t.co/W5ISiLCu8K #Ikokazi #IkoKaziKE,b'KenyanTimes01',99
2019-05-14 14:45:30,What Recruiters Look for in A Resume At First Glance https://t.co/nYyqymn3HN #IkoKaziKE #ikokazi,b'KenyanTimes01',99
2019-05-14 14:44:46,7 Tips To Improve Your Job Hunting Process https://t.co/1XkgKRQNIu #IkoKaziKE #ikokazi,b'KenyanTimes01',99
2019-05-14 14:24:06,#tiling #IkoKaziKE #IkoKazi ukimaliza site week day unaendanga wapi kabla monday ifike? https://t.co/bTaOGZM1IP,b'spartexy',4191
2019-05-14 13:29:37,"HP PROBOOK 450 G5 Intel core i7 8GB RAM 1TB HDD With NVIDIA Graphics, Backlit Keyboard  15.6 inches full HD Display  Ksh.76,000 ‚òéÔ∏è0727502105 #HudumaNamba #CluelessBuzeki #IkoKazi #IkoKaziKE https://t.co/sfiMlS9bZu",b'kevbrownoh',807
2019-05-14 12:46:13,Surveyor Trainee at Base Titanium  How to Apply &gt;&gt; https://t.co/kHqtqupO9K  #IkoKazi #IkoKaziKE,b'campusbizKE',12721
2019-05-14 12:36:14,Mine Planning Engineer Trainee at Base Titanium  How to Apply &gt;&gt; https://t.co/9Ojh19eka7  #IkoKazi #IkoKaziKE,b'campusbizKE',12721
2019-05-14 12:26:19,Finance Internship at Deutsche Stiftung Weltbev√∂lkerung (DSW) Kenya  How to Apply &gt;&gt; https://t.co/UdA0GucPrA  #IkoKazi #IkoKaziKE,b'campusbizKE',12721
2019-05-14 12:21:39,"Hi guys, I'm looking for a job. Shop attendant, cleaning, waitress, office assistant/tea girl, promotion jobs or any given job I'll be grateful. Kindly retweet as my boss can be on your timeline. Thanks #IkoKaziKE #IkoKazi #Ramadan",b'WabwobaConsolat',37
2019-05-14 11:56:38,"@KuniSafi,  a fast-growing startup providing environmentally friendly and cost-saving cooking and fuel solutions is looking for a Sales Executive. Click below to apply!  https://t.co/DzRVM40mCw #IkoKaziKE  #IkoKazi https://t.co/2zFBeN0YlX",b'fuzu',2814
2019-05-14 11:45:08,#Ikokazi https://t.co/H92aJ5Qnwj,b'SakwaMasai',690
2019-05-14 11:23:38,Kileleshwa ''Mansion'' Hosting Escorts Uncovered on Radio   #Ikokazi #Ikokazike #JSWR  #KaziMpango #TuesdayThoughts #KaziMpango  #WorldBankLaudsSonko #KileleshwaMansion https://t.co/oWiVnerCFs https://t.co/2rfv5WLYoX,b'KenyanTimes01',99
2019-05-14 11:21:20,200 Internship Vacancies at the County Government of Nyeri  How to Apply &gt;&gt; https://t.co/a0NeEl1A9r  #IkoKazi #IkoKaziKE,b'campusbizKE',12721
2019-05-14 10:31:50,Pharmaceutical Technologist Vacancy at Hans Wilhelm Pharmaceuticals  How to Apply &gt;&gt; https://t.co/2nTMVlA8Ji  #IkoKazi #IkoKaziKE,b'campusbizKE',12721
2019-05-14 10:21:30,UN-Habitat Graphic Design/Communication Internship  How to Apply &gt;&gt; https://t.co/lSsxeswiB1  #IkoKazi #IkoKaziKE,b'campusbizKE',12721
2019-05-14 10:03:07,Degree &amp; Diploma Graduates Internship Opportunities at Kenya Literature Bureau (KLB)  How to Apply &gt;&gt; https://t.co/uwycbHFGbm  #IkoKazi #IkoKaziKE,b'campusbizKE',12721
2019-05-14 09:46:22,Kenya Airways Student Intern: IT Security  How to Apply &gt;&gt; https://t.co/ZcBAvPQ7rE  #IkoKazi #IkoKaziKE,b'campusbizKE',12721
2019-05-14 09:09:09,"Check out new work on my @Behance portfolio: ""Weatgate Mall VR Proposal"" https://t.co/J6I7eVhtWW  #Graphics #GraphicDesigner #proposaldesign #IkoKaziKE #IkoKazi #Illustrator #StandOut #proposals #VR #VirtualReality",b'wambua69',544
2019-05-14 08:41:50,Finance Intern https://t.co/oTocnhi4Ji #jobs #jobsearch #IkoKazi #IkoKaziKe #vacancies #jobsearch #wapikazi #internships #attachments #igkenya #ignairobi #igafrica,b'WiseMonkeyKE',261
2019-05-14 07:30:52,7 Tips To Improve Your Job Hunting Process #Ikokazi #Ikokazike https://t.co/YPzJYQqsKi https://t.co/jLcWWqWkc1,b'KenyanTimes01',99
2019-05-14 07:30:24,"Apply now to be a BuuPass Sales Consultant and earn commission for the bus tickets sold. We will offer training and a dashboard for you to track performance. This is your best chance to ""Be your own boss"", apply now at https://t.co/K33Jsu7HSZ  #IkoKaziKE #IkoKazi #TuesdayThoughts https://t.co/nEq4Af0iZU",b'BuuPass',714
2019-05-14 07:26:29,Child Helpline Counselors Vacancies at Childline Kenya  How to Apply &gt;&gt; https://t.co/aUDRNIoP3H  #IkoKazi #IkoKaziKE,b'campusbizKE',12721
2019-05-14 07:11:37,Counselling Psychologist Intern at HIAS  How to Apply &gt;&gt; https://t.co/pV8oH2yWHC  #IkoKazi #IkoKaziKE,b'campusbizKE',12721
2019-05-14 07:11:37,Communications Intern at Save the Children  How to Apply &gt;&gt; https://t.co/wmuCUqOFrf  #IkoKazi #IkoKaziKE,b'campusbizKE',12721
2019-05-14 06:55:47,Stop using mediocre business cards. Upgrade your style. #Graphics #GraphicDesigner #BusinessCardDesign #printing #IkoKaziKE #IkoKazi #Illustrator #StandOut,b'wambua69',544
2019-05-14 06:55:46,To print with leather lamination... #Graphics #GraphicDesigner #BusinessCardDesign #printing #IkoKaziKE #IkoKazi #Illustrator #StandOut https://t.co/uHVHKXYxDv,b'wambua69',544
2019-05-14 06:55:43,From professional design work... #Graphics #GraphicDesigner #BusinessCardDesign #printing #IkoKaziKE #IkoKazi #Illustrator #StandOut https://t.co/WPZTVBpomR,b'wambua69',544
2019-05-14 06:54:52,A previs (not final render) of the cathedral scene. #IkoKaziKE  #Kenya  #architecturephotography  #architecture  #IkoKazi  #TuesdayThoughts https://t.co/ewiDeeGTj8,b'alternateFX',14
2019-05-14 06:20:14,Looking for ReactJS developers. JD here: https://t.co/9kaeG2zm7o  #ikokazi #IkoKaziKe https://t.co/mr7AYmcMaQ,b'hustonmalande',2971
2019-05-14 06:01:00,CLOSING TODAY: Applications for Software Developer in Andela Learning Community  How to Apply &gt;&gt; https://t.co/sqQceU8geM   #IkoKazi #IkoKaziKE,b'campusbizKE',12721
2019-05-14 05:41:08,Our Client in the ICT industry is currently looking to hire Account Managers/Sales Executives to drive new and grow existing account revenues. Check out ‚û° https://t.co/SjQRzp61L8 #ikokazi #ikokazike #jobsinKenya #wanted #MainaAndKingangi #AlexNaJalas #TuesdayThoughts https://t.co/THHNG5qIf3,b'alternatedoors',1735
2019-05-14 05:29:00,CLOSING TODAY: Applications for HR Assistant at HRM Connection  Apply Now &gt;&gt; https://t.co/4DeLvk235E   #IkoKazi #IkoKaziKE,b'campusbizKE',12721
2019-05-14 05:27:30,"JOB | Senior Investment Officer | @AfDB_Group | C√¥te d‚ÄôIvoire | Development Finance | Master‚Äôs degree in Finance, Economics | Senior Level | Closes June 8th 2019 | https://t.co/W2hLKHdHFg #IkoKaziKE #IkoKazi",b'Finance_501',1078
2019-05-14 05:26:00,CLOSING TODAY: Applications for Communications Internship at Elizabeth Glaser Pediatric AIDS Foundation  Apply Now &gt;&gt; https://t.co/6ga7uknob5   #IkoKazi #IkoKaziKE,b'campusbizKE',12721
2019-05-14 05:04:00,CLOSING TODAY: Applications for 2019 African Development Bank Internship Program  Apply Now &gt;&gt; https://t.co/3gMgkfaY3c  #IkoKazi #IkoKaziKE,b'campusbizKE',12721
2019-05-14 05:02:04,Sometimes I battle with self doubt ..But this really reminded me that Im really bad ass at this! #IkoKazi  Also we are having a cupcake offer this week.1000 bob for a dozen!  Check out @divinettreats on Ig 0721356257 https://t.co/nHf8wJZwLr,b'_Achuuuu',784
2019-05-14 05:01:00,"JOB | Credit Analyst | @mkopasolar | Nairobi, Kenya | FinTech | Bachelors Degree | Mid Level | Closes May 31st 2019 | https://t.co/tCNcs8O827  #Ikokazike #Ikokazi",b'Finance_501',1078
2019-05-14 05:00:00,"JOB | Associate ‚Äì Food and Agribusiness | @norfund_ | Oslo, Norway | Development Finance | Master in Business, Economics, Finance | Mid Level | Closes May 26th 2019 | https://t.co/gWqpHchlfC  #IkoKaziKE #IkoKazi",b'Finance_501',1078
2019-05-14 04:22:17,#IkoKazi https://t.co/XO2ckUd5tM,b'fredrick_kavoo',19190
2019-05-14 04:00:09,"We provide a full range of commercial moving services, from office relocation and many more to book your office move. Get in touch with our customer team! üìûCall us now let's get moving! +254727773663, +254736400240 https://t.co/cHPXc16zuU     #MoveWithoutTears #movers #IKOKAZI https://t.co/gA5wSRmy5l",b'CubeMoversLTD',725
2019-05-13 20:23:33,#lifestyledesigns#interiors #designs #interiordesigning and #interior decor CALL+254 700105382/+254 717365187 #IkoKaziKE #IkoKazi #ikokazi https://t.co/hWetW1x7BX,b'obibeats',646
2019-05-13 20:14:48,5 Simple Tips to prepare for your Job Interview https://t.co/4fWDs9MnnO via @Kenyan Times #IkoKaziKE #IkoKazi,b'KenyanTimes01',99
2019-05-13 20:14:01,How to find out why you didn‚Äôt get the Job https://t.co/JkUJidAZoN via @Kenyan Times #IkoKaziKE #IkoKazi,b'KenyanTimes01',99
2019-05-13 20:13:12,Why You Should Not Stick to Your CV https://t.co/rmGE7ORMKW via @Kenyan Times #IkoKaziKE #Ikokazi,b'KenyanTimes01',99
2019-05-13 20:12:32,HOW TO WRITE A KILLER COVER LETTER. https://t.co/FIs9Ku4Q9L #IkoKaziKE #IkoKazi.,b'KenyanTimes01',99
2019-05-13 19:38:42,Top 20 Richest Female Rappers in The World 2019 https://t.co/5HlzsKKgQU via @Kenyan Times #IkoKaziKE #Ikokazi,b'KenyanTimes01',99
2019-05-13 19:37:55,How To Register For Huduma Namba https://t.co/WfJOH3GsUK via @Kenyan Times #IkoKaziKE #Ikokazi,b'KenyanTimes01',99
2019-05-13 16:29:13,"Dear HR Managers, Please don't hire graduates from top private universities like (Strathmore, USIU,KCA etc. ) only, kindly consider us from local institutions too, our parents could not afford such also we might be having better skills than them. #IkoKaziKE #IkoKazi #PataKaziKe",b'buchejoseph',2924
2019-05-13 15:43:36,Get latest designer shirts  @ksh 1300 Call/text 0720456424 Delivery done countrywide  #IkoKaziKE  #IkoKazi https://t.co/TushybkhA4,b'MomanyiAmos1',212
2019-05-13 15:28:22,How to make money online in Kenya https://t.co/AS6lBtNlq7 #Ikokazike #IkoKazi #Ngatia #HelpFaithMbeyu Health Laws.,b'KenyanTimes01',99
2019-05-13 15:26:42,2 Crucial Mistakes to avoid in an Interview https://t.co/v5pQRQWFEf via @Kenyan Times #Ikokazike #IkoKazi,b'KenyanTimes01',99
2019-05-13 15:25:59,"Why You Should Open Your CV and delete Your Age, Religion and Marital Status‚Äù https://t.co/SWlcklL8d5 via @Kenyan Times #Ikokazike #IkoKazi",b'KenyanTimes01',99
2019-05-13 15:25:14,HOW TO ANSWER ‚ÄòWHAT IS YOUR WEAKNESS‚Äô IN A JOB INTERVIEW https://t.co/uoYxkbPL77 via @Kenyan Times #Ikokazike #IkoKazi,b'KeVacancies',204
2019-05-13 15:24:09,5 Things You should Never Forget to Carry in an Interview https://t.co/mMnyNZlFf3 via @Kenyan Times #Ikokazike #IkoKazi,b'KeVacancies',204
2019-05-13 15:23:42,üòÇüòÇikokazi https://t.co/dNGeRBeFB2,b'favored_ivy',623
2019-05-13 15:23:22,9 Online jobs for college students to make money online https://t.co/u5Thrir4kL via @Kenyan Times #Ikokazike #IkoKazi #SundownerKBC,b'KenyanTimes01',99
2019-05-13 14:10:15,Best Paying Jobs in Kenya https://t.co/CBkjzUECVK via @Kenyan Times #IkoKaziKE #Ikokazi,b'KenyanTimes01',99
2019-05-13 14:06:31,Questions to Ask an Interviewer During an Interview https://t.co/Er4y4HNJnQ via @Kenyan Times #IkoKaziKE #IkoKazi,b'KenyanTimes01',99
2019-05-13 13:51:01,"Why You Should Open Your CV and delete Your Age, Religion and Marital Status‚Äù https://t.co/SWlcklL8d5 via @Kenyan Times #Ikokazike #Ikokazi #MondayMotivation",b'KenyanTimes01',99
2019-05-13 13:48:20,5 Things You should Never Forget to Carry in an Interview https://t.co/XmRNPkrPxb #MondayMotivation #Ikokazike #Ikokazi,b'KenyanTimes01',99
2019-05-13 13:40:06,If you ever want anything designed I'm your girl... üòçüòçüòç #GraphicDesign #IkoKazi https://t.co/6LTSIC5LJl,b'CrucialPoetar',2527
2019-05-13 13:14:07,https://t.co/wN7lZq8DGe  #IkoKaziKE #IkoKazi,b'officialcodegod',59
2019-05-13 13:08:33,How To Register For Huduma Namba #Ikokazi #Ikokazike https://t.co/hxUVmXPR1W https://t.co/Yqsxwk7r8T,b'KenyanTimes01',99
2019-05-13 13:00:25,Join our Sales Consultant team and get commissions for every bus tickets sold. Apply now at https://t.co/Tj802aVd7j #IkoKaziKE #IkoKazi https://t.co/5dINhqIFWo,b'BuuPass',714
2019-05-13 12:22:07,"Hey guys, i have a 9 seater van for hire. For staff transport, transfers, excursions just name it. Please help a brother to pay his instalments. Am based in Mkomani, Mombasa county  @mohammedhersi @FauzKhalid  @fsalimsaid @Asmali77 @MohaJichoPevu #IkoKaziKE #IkoKazi https://t.co/BZjTR7ViwA",b'bomberz06',67
2019-05-13 12:16:22,Matiang'i Threatens No Extension on Huduma Number Registration #Ikokazi #Ikokazike https://t.co/N5zd0hR065 https://t.co/3K2tDj9bBA,b'KenyanTimes01',99
2019-05-13 12:07:48,TODAY IS THE DEADLINE: CHIEF ACCOUNTANT POSITION-Mombasa.#IkoKaziKE #IkoKazi  #jobhunt  Check the job description and apply.   https://t.co/9cdjJ9DkQw ‚Ä¶,b'consultants_go',2
2019-05-13 11:16:06,"""Hi, we are looking for people who have an interest in impacting youth and would work in a fundraising/grant writing role. Great writing skills are required,Please email your CV to careers@edgeperformance.co.ke with the subject line ""Grants Associate"" Share widely Thanks!#ikokazi",b'edge_Kenya',350
2019-05-13 10:19:00,Are you getting left behind? Most businesses are now digitising and increasing their efficiency through conducting their business online.  Reach out to us and we can easily help you out!  #ecommercebusiness #ecommercewebsitedevelopment #ecommercetips #onlinebusiness #Ikokazi https://t.co/mgvNd9G45B,b'kyobidigital',21
2019-05-13 10:00:23,"Become a BuuPass Sales Consultant, you can earn money by simply selling bus tickets and getting commission for the tickets sold. Apply now at https://t.co/Tj802aVd7j #IkoKaziKe #IkoKazi #Kenya https://t.co/3aEnEfqqzP",b'BuuPass',714
2019-05-13 09:16:17,Victory Farms Graduate Aquaculture Learning &amp; Training (GALT) Trainee  How to Apply &gt;&gt; https://t.co/RRbu5BzvDO  #IkoKazi #IkoKaziKE,b'campusbizKE',12721
2019-05-13 09:01:58,Statement Earrings available ‚ú® Contact 0792138561 to cuff a pair.                                             KSH 500 #slaydollstore #slaydoll #earrings #fashionkenya #IkoKazi #Ikokazike https://t.co/PmbFGdxmG6,b'slaydoll_store',65
2019-05-13 09:01:20,Technical IT Support Internship at Masterclass Solutions  How to Apply &gt;&gt; https://t.co/YmgdkI8e2w  #IkoKazi #IkoKaziKE,b'campusbizKE',12721
2019-05-13 08:50:04,Administration Assistant https://t.co/JaCyJxxxnF #jobs #jobsearch #IkoKazi #IkoKaziKe #vacancies #jobsearch #wapikazi #internships #attachments #igkenya #ignairobi #igafrica,b'WiseMonkeyKE',261
2019-05-13 08:47:40,We're hiring!! We are looking for an experienced ERP Systems developer.  Kindly do share widely to relevant networks.  #ERP #Odoo #enterprisesoftware #coding #ikokazi #systemsdeveloper https://t.co/pBPPDa5f3h,b'Digital4Africa',2120
2019-05-13 08:46:18,Telesales Training Assistant Vacancy at Corporate Staffing  How to Apply &gt;&gt; https://t.co/oPfUPAfIJG  #IkoKazi #IkoKaziKE,b'campusbizKE',12721
2019-05-13 08:41:11,Laboratory Technologists Entry-Level Vacancy at Pathcare Kenya  How to Apply &gt;&gt; https://t.co/xcn7KEqZEF  #IkoKazi #IkoKaziKE,b'campusbizKE',12721
2019-05-13 07:20:50,@Samhinagencies Offers you the best transport services. Our drivers are well trained to help you move your belongings in a secure condition. you can trust us to move anywhere within Nairobi and to the rest of country.  Call 0725790925 for the best transport advice #ikokazi Mwingi,b'Samhinagencies',2
2019-05-13 07:13:06,"we are ready to move you to any part of the country. We have big, medium trucks to fit your cargo. Call us on 0725790925 to book. We are located in westland Nairobi. Those relocating from one apartment. #Ikokazi #MondayMotivation #JeffandHamoOnHot #BillyNaTricky",b'Samhinagencies',2
2019-05-13 07:09:52,#IkoKaziKE #IkoKazi experts in auto surface coatings... Call 0717179335 for queries... Lets see what we can work with on your budget. üòé https://t.co/ffDYnTKLiL,b'Sammypeezy',574
2019-05-13 07:00:11,"A digital agency is looking for a graphic designer .Must have knowledge and expertise in adobe photoshop, illustrator and InDesign. Email your CV and design portfolio to clemo@itikacommunications.com #ikokazi #ikokaziKE",b'ItikaComm',15
2019-05-13 06:52:32,#ikokazi Forget your failure and mistakes except what you were going to do to help you reach HIGHER. #applynow for that dream job. Click on this link https://t.co/pBPPQDKd54 https://t.co/bJnBvSoH8c,b'QSSKenya',48
2019-05-13 05:50:00,CLOSING TODAY: Applications for Junior Marketing Executive Vacancy at Premier Recruitment Group  Apply Now &gt;&gt; https://t.co/CIm6HeVc1K   #IkoKazi #IkoKaziKE,b'campusbizKE',12721
2019-05-13 05:35:00,APPLICATIONS FOR Internships at Kenya National Commission on Human Rights (KNCHR) are closing today!  Apply Now &gt;&gt; https://t.co/LmBUM6OLnV   #IkoKazi #IkoKaziKE,b'campusbizKE',12721
2019-05-13 05:34:00,CLOSING TODAY: Applications for Alumni Relations Assistant Vacancy at Strathmore University  How to Apply &gt;&gt; https://t.co/htKVXcNoni   #IkoKazi #IkoKaziKE,b'campusbizKE',12721
2019-05-13 05:32:49,Skills Employers Find Attractive in 2019 https://t.co/rNLhLiYiVd via @Kenyan Times #IkoKaziKE #IkoKazi,b'KenyanTimes01',99
2019-05-13 05:31:59,How to Successfully  Land a Job in 2019 https://t.co/rICOvDOZbo via @Kenyan Times #IkoKaziKE #IkoKazi,b'KenyanTimes01',99
2019-05-13 05:21:32,4 Ways To Identify an Intelligent Person #Ikokazi #Ikokazike https://t.co/ByXDIc3Ayw https://t.co/KIQ8nu6PcR,b'KenyanTimes01',99
2019-05-13 05:04:00,"JOB | Tax Assistant | @naivas_kenya | Nairobi, Kenya | Retail | Bachelor's Degree | Senior Level | Closes May 31st 2019 | https://t.co/aihAPWNcpC   #IkoKaziKE #IkoKazi",b'Finance_501',1078
2019-05-13 05:03:00,"JOB | Finance Associate | @Glovo_ES | Nairobi, Kenya | Tech | CPA/ACCA Finalist | Entry Level | Open | https://t.co/WVrg5qutcx  #IkoKaziKE #IkoKazi",b'Finance_501',1078
2019-05-13 05:01:00,CLOSING TODAY: Applications for Engineering Intern Recruitment at Corporate Staffing  Apply Now &gt;&gt; https://t.co/jSLwLlLeLp   #IkoKazi #IkoKaziKE,b'campusbizKE',12721
2019-05-13 05:01:00,"JOB | Marketplace Operations Manager | @UberEats | Nairobi, Kenya | Big Tech | Masters Degree in a quantitative subject or MBA | Senior Level | Open | https://t.co/bIhnrNlHzv   #IkoKaziKE #IkoKazi",b'Finance_501',1078
2019-05-13 05:00:00,"JOB | Country Manager - Kenya | @UberEats | Nairobi, Kenya | Big Tech | Master's degree in Finance, Economics | Senior Level | Open | https://t.co/bdRxIK7z56   #IkoKaziKE #IkoKazi",b'Finance_501',1078
2019-05-13 04:55:32,The Difference Between a CV And a Resume. https://t.co/IBlVBdjfSC via @Kenyan Times #IkoKaziKE #IkoKazi,b'KenyanTimes01',99
2019-05-13 04:54:25,What Recruiters Look for in A Resume At First Glance https://t.co/nYyqymn3HN #IkoKaziKE #IkoKazi,b'KenyanTimes01',99
2019-05-13 04:53:48,How to Answer : What Is Your Expected Salary ? and other top Interview Questions https://t.co/M5MdU0sx2F #IkoKaziKE #IkoKazi,b'KenyanTimes01',99
2019-05-13 04:53:06,5 Things You should Never Forget to Carry in an Interview https://t.co/mMnyNZlFf3 via #IkoKaziKE #IkoKazi,b'KeVacancies',204
2019-05-13 03:00:00,The Institute of Banking &amp; Finance (IBF) will be turning 45 this year.¬†The Future of Finance Jobs: Perspectives from Singapore @TheAfricanExe https://t.co/4fyngUo5ZB. #TheAfricanExecutive #Banking #Finance #Jobs #IkoKazi https://t.co/t0l7LhQr5c,b'TheAfricanExe',654
2019-05-12 22:34:15,@socialbuzz360Ke @OCTOPIZZO #mainaandkingangi #kiss100 #nrgbreakfastclub #nrgtransit #capitalfm #homeboyzradio #milelebreakfast #radiomaisha #konnect #OCTOPIZZOONEMANSHOW #octopizzo #kot #ikokazi #playkemusic #qweturadio #PlayKEMusic #musickenya #uhurugardens,b'jatello_ke',1072
